<?xml version="1.0" encoding="UTF-8"?>
<beans xmlns="http://www.springframework.org/schema/beans"
	xmlns:xsi="http://www.w3.org/2001/XMLSchema-instance" xmlns:mvc="http://www.springframework.org/schema/mvc"
	xmlns:p="http://www.springframework.org/schema/p" xmlns:context="http://www.springframework.org/schema/context"
	xmlns:aop="http://www.springframework.org/schema/aop" xmlns:tx="http://www.springframework.org/schema/tx"
	xsi:schemaLocation="http://www.springframework.org/schema/beans 
						http://www.springframework.org/schema/beans/spring-beans.xsd 
						http://www.springframework.org/schema/mvc 
						http://www.springframework.org/schema/mvc/spring-mvc.xsd 
						http://www.springframework.org/schema/context 
						http://www.springframework.org/schema/context/spring-context.xsd 
						http://www.springframework.org/schema/aop 
						http://www.springframework.org/schema/aop/spring-aop.xsd 
						http://www.springframework.org/schema/tx 
						http://www.springframework.org/schema/tx/spring-tx.xsd ">

	<!-- 配置扫描注解,不扫描@Controller注解 --> 
	<context:component-scan base-package="cn.richinfo.domain,cn.richinfo.service,cn.richinfo.dao" />
	
	<!-- 引入配置文件 -->    
	<bean id="propertyConfigurer" class="org.springframework.beans.factory.config.PropertyPlaceholderConfigurer">   
	    <property name="locations">   
	       <list>   
	          <value>classpath:jdbc.properties</value>   
	          <value>classpath:web.jdbc.properties</value>   
	        </list>   
	    </property>   
	</bean>  

	<!-- c3p0数据源 -->
	<!--  当不能确定destory-method的情况下,把该项删除,由程序自主选择关闭方法,这样Debug就不会报错了 -->
	<bean id="dataSource" class="com.mchange.v2.c3p0.ComboPooledDataSource" destroy-method="close" >
		<property name="driverClass" value="${jdbc.driver}" />
		<property name="jdbcUrl" value="jdbc:mysql://${jdbc.url}:${jdbc.port}/${jdbc.db}?characterEncoding=utf-8" />
		<property name="user" value="${jdbc.username}" />
		<property name="password" value="${jdbc.password}" />
		
		<property name="initialPoolSize" value="${initialPoolSize}" />
		<property name="minPoolSize" value="${minPoolSize}" />
		<property name="maxPoolSize" value="${maxPoolSize}" />
		<property name="maxIdleTime" value="${maxIdleTime}" />
		<property name="acquireIncrement" value="${acquireIncrement}" />
		<property name="checkoutTimeout" value="${checkoutTimeout}" />
	</bean>

	<!-- spring和MyBatis完美整合，不需要mybatis的配置映射文件 -->
	<bean id="sqlSessionFactory" class="org.mybatis.spring.SqlSessionFactoryBean" lazy-init="default">
		<property name="dataSource" ref="dataSource" />
		<!-- 自动扫描mapping.xml文件 -->
		<property name="mapperLocations" value="classpath:cn/richinfo/domain/mapping/*.xml" />
		<property name="typeAliasesPackage" value="cn.richinfo.domain" />
		<!-- mybatis配置文件路径 -->
	    <property name="configLocation" value="classpath:resource/mybatis-config.xml"/>
	</bean>

	<!-- DAO接口所在包名，Spring会自动查找其下的类 若使用了注解带名称注入就不需要本配置 -->
	<bean class="org.mybatis.spring.mapper.MapperScannerConfigurer">
		<property name="basePackage" value="cn.richinfo.dao" />
		<property name="sqlSessionFactoryBeanName" value="sqlSessionFactory"></property>
	</bean>

	<!-- (事务管理)transaction manager, use JtaTransactionManager for global tx -->
	<!-- <bean id="transactionManager"
		class="org.springframework.jdbc.datasource.DataSourceTransactionManager">
		<property name="dataSource" ref="dataSource" />
	</bean> -->

	<!-- 事务通知 -->
	<!-- <tx:advice id="txAdvice" transaction-manager="transactionManager">
		<tx:attributes>
			<tx:method name="save*" propagation="REQUIRED" />
			<tx:method name="insert*" propagation="REQUIRED" />
			<tx:method name="update*" propagation="REQUIRED" />
			<tx:method name="modfiy*" propagation="REQUIRED" />
			<tx:method name="delete*" propagation="REQUIRED" />
			<tx:method name="remove*" propagation="REQUIRED" />
			<tx:method name="get*" read-only="true" />
			<tx:method name="find*" read-only="true" />
			<tx:method name="load*" read-only="true" />
			<tx:method name="select*" read-only="true" />
			<tx:method name="list*" read-only="true" />
			<tx:method name="search*" read-only="true" />
			<tx:method name="query*" read-only="true" />
		</tx:attributes>
	</tx:advice> -->
	
	<!-- AOP -->
	<!-- 
	<aop:config>
		<aop:pointcut id="serviceMethods"
			expression="execution(* cn.richinfo.service.*.*(..))" />
		<aop:advisor advice-ref="txAdvice" pointcut-ref="serviceMethods" />
	</aop:config> 
	-->

	<!-- 引入其他的配置 -->
	<import resource="classpath:resource/bean-*.xml" />
</beans>