<?xml version="1.0" encoding="UTF-8"?>
<!DOCTYPE configuration
    PUBLIC "-//mybatis.org//DTD Config 3.0//EN"
    "http://mybatis.org/dtd/mybatis-3-config.dtd">

<configuration>
	<!-- MyBatis全局配置 -->
   	<settings>
   		 <!-- 开启缓存 -->
		<setting name="cacheEnabled" value="true" />
		<!-- 关闭延时加载 -->
		<setting name="lazyLoadingEnabled" value="false" /> 
		<setting name="useColumnLabel" value="true" />
		<setting name="useGeneratedKeys" value="true" />
		<setting name="defaultExecutorType" value="SIMPLE" />
		<setting name="localCacheScope" value="STATEMENT"/>
	</settings>
	
</configuration>
