<?xml version="1.0" encoding="UTF-8"?>
<beans xmlns="http://www.springframework.org/schema/beans"
	xmlns:xsi="http://www.w3.org/2001/XMLSchema-instance" xmlns:context="http://www.springframework.org/schema/context"
	xmlns:mvc="http://www.springframework.org/schema/mvc"
	xsi:schemaLocation="http://www.springframework.org/schema/beans http://www.springframework.org/schema/beans/spring-beans-3.2.xsd
       http://www.springframework.org/schema/context http://www.springframework.org/schema/context/spring-context-3.2.xsd
       http://www.springframework.org/schema/mvc http://www.springframework.org/schema/mvc/spring-mvc-3.2.xsd"
	default-lazy-init="true">

	<!-- 扫描@Controller注解 -->
	<context:component-scan base-package="cn.richinfo.controller" use-default-filters="false">
		<context:include-filter type="annotation" expression="org.springframework.stereotype.Controller" />
	</context:component-scan>

	<!-- 打开注解驱动 -->
	<mvc:annotation-driven />

	<!-- 定义跳转的文件的前后缀 ，视图模式配置-->
	<bean id="viewResolver"
		class="org.springframework.web.servlet.view.UrlBasedViewResolver">
		<property name="viewClass"
			value="org.springframework.web.servlet.view.JstlView" />
		<property name="prefix" value="/WEB-INF/"/>
		<property name="suffix" value=".jsp" />
	</bean>

	<!-- 定义跳转的文件的前后缀 ，视图模式配置-->
	<bean class="org.springframework.web.servlet.view.InternalResourceViewResolver">
         <property name="prefix" value="/WEB-INF/"></property>
         <property name="suffix" value=".jsp"></property>
    </bean>

    <mvc:default-servlet-handler />

	<!-- 配置文件上传 -->
	<!-- <bean id="multipartResolver"
        class="org.springframework.web.multipart.commons.CommonsMultipartResolver">
        <property name="defaultEncoding" value="utf-8" />
        <property name="maxUploadSize" value="10485760000" />
        <property name="maxInMemorySize" value="40960" />
    </bean> -->

</beans>
